Setting,RG65_spearman,WS353_spearman,MSR_analogy_acc
GoogleNews,0.7600585719069962,0.6941224810339759,0.5483147692752784
Hard-debiased,0.7598181715305808,0.692274923687287,0.5469405467958918
