{
  "beta_softball": {
    "before": {
      "n": 320,
      "mean": 0.05027794611778515,
      "median": -0.04320872750821311,
      "std": 3.0655255502611594,
      "p05": -1.2981065317612566,
      "p25": -0.27731763430524076,
      "p75": 0.221252003371762,
      "p95": 0.9239538134880455,
      "min": -29.89630156171178,
      "max": 30.230940244405637
    },
    "hard_debiased": {
      "n": 320,
      "mean": 0.04771221380701973,
      "median": -0.033975887708302385,
      "std": 3.065273796255283,
      "p05": -1.2981065317612566,
      "p25": -0.27533733144227174,
      "p75": 0.17350113090541708,
      "p95": 0.9239538134880455,
      "min": -29.89630156171178,
      "max": 30.230940244405637
    }
  },
  "beta_football": {
    "before": {
      "n": 320,
      "mean": -0.03509487673457992,
      "median": 0.016979241854478043,
      "std": 1.2513408344872001,
      "p05": -0.8049772139597272,
      "p25": -0.1139458997929149,
      "p75": 0.11635730673330812,
      "p95": 0.45430880774734445,
      "min": -12.326009625983374,
      "max": 11.943331412213086
    },
    "hard_debiased": {
      "n": 320,
      "mean": -0.025822915610609558,
      "median": 0.013086303406844718,
      "std": 1.2448318629815809,
      "p05": -0.7724752777755411,
      "p25": -0.10731387716816931,
      "p75": 0.11469779761222636,
      "p95": 0.45430880774734445,
      "min": -12.326009625983374,
      "max": 11.943331412213086
    }
  }
}