{
  "DirectBias_by_c": {
    "1.0": {
      "before": 0.08345093810532205,
      "hard_debiased": 0.0799478103584654
    },
    "2.0": {
      "before": 0.012165427694353683,
      "hard_debiased": 0.01128097644183004
    },
    "3.0": {
      "before": 0.0024370208392267842,
      "hard_debiased": 0.002183659382661661
    }
  }
}