c,DirectBias_before,DirectBias_hard_debiased
1.0,0.08345093810532205,0.0799478103584654
2.0,0.012165427694353683,0.01128097644183004
3.0,0.0024370208392267842,0.002183659382661661
